Name,E,GAEmail
GATest01,@yopmail.com,GATest01@yopmail.com
GATest02,@yopmail.com,GATest02@yopmail.com
GATest03,@yopmail.com,GATest03@yopmail.com
GATest04,@yopmail.com,GATest04@yopmail.com
GATest05,@yopmail.com,GATest05@yopmail.com
GATest06,@yopmail.com,GATest06@yopmail.com
GATest07,@yopmail.com,GATest07@yopmail.com
GATest08,@yopmail.com,GATest08@yopmail.com
GATest09,@yopmail.com,GATest09@yopmail.com
GATest10,@yopmail.com,GATest10@yopmail.com
GATest11,@yopmail.com,GATest11@yopmail.com
GATest12,@yopmail.com,GATest12@yopmail.com
GATest13,@yopmail.com,GATest13@yopmail.com
GATest14,@yopmail.com,GATest14@yopmail.com
GATest15,@yopmail.com,GATest15@yopmail.com
GATest16,@yopmail.com,GATest16@yopmail.com
GATest17,@yopmail.com,GATest17@yopmail.com
GATest18,@yopmail.com,GATest18@yopmail.com
GATest19,@yopmail.com,GATest19@yopmail.com
GATest20,@yopmail.com,GATest20@yopmail.com
GATest21,@yopmail.com,GATest21@yopmail.com
GATest22,@yopmail.com,GATest22@yopmail.com
GATest23,@yopmail.com,GATest23@yopmail.com
GATest24,@yopmail.com,GATest24@yopmail.com
GATest25,@yopmail.com,GATest25@yopmail.com
GATest26,@yopmail.com,GATest26@yopmail.com
GATest27,@yopmail.com,GATest27@yopmail.com
GATest28,@yopmail.com,GATest28@yopmail.com
GATest29,@yopmail.com,GATest29@yopmail.com
GATest30,@yopmail.com,GATest30@yopmail.com
GATest31,@yopmail.com,GATest31@yopmail.com
GATest32,@yopmail.com,GATest32@yopmail.com
GATest33,@yopmail.com,GATest33@yopmail.com
GATest34,@yopmail.com,GATest34@yopmail.com
GATest35,@yopmail.com,GATest35@yopmail.com
GATest36,@yopmail.com,GATest36@yopmail.com
GATest37,@yopmail.com,GATest37@yopmail.com
GATest38,@yopmail.com,GATest38@yopmail.com
GATest39,@yopmail.com,GATest39@yopmail.com
GATest40,@yopmail.com,GATest40@yopmail.com
GATest41,@yopmail.com,GATest41@yopmail.com
GATest42,@yopmail.com,GATest42@yopmail.com
GATest43,@yopmail.com,GATest43@yopmail.com
GATest44,@yopmail.com,GATest44@yopmail.com
GATest45,@yopmail.com,GATest45@yopmail.com
GATest46,@yopmail.com,GATest46@yopmail.com
GATest47,@yopmail.com,GATest47@yopmail.com
GATest48,@yopmail.com,GATest48@yopmail.com
GATest49,@yopmail.com,GATest49@yopmail.com
GATest50,@yopmail.com,GATest50@yopmail.com
GATest51,@yopmail.com,GATest51@yopmail.com
GATest52,@yopmail.com,GATest52@yopmail.com
GATest53,@yopmail.com,GATest53@yopmail.com
GATest54,@yopmail.com,GATest54@yopmail.com
GATest55,@yopmail.com,GATest55@yopmail.com
GATest56,@yopmail.com,GATest56@yopmail.com
GATest57,@yopmail.com,GATest57@yopmail.com
GATest58,@yopmail.com,GATest58@yopmail.com
GATest59,@yopmail.com,GATest59@yopmail.com
GATest60,@yopmail.com,GATest60@yopmail.com
GATest61,@yopmail.com,GATest61@yopmail.com
GATest62,@yopmail.com,GATest62@yopmail.com
GATest63,@yopmail.com,GATest63@yopmail.com
GATest64,@yopmail.com,GATest64@yopmail.com
GATest65,@yopmail.com,GATest65@yopmail.com
GATest66,@yopmail.com,GATest66@yopmail.com
GATest67,@yopmail.com,GATest67@yopmail.com
GATest68,@yopmail.com,GATest68@yopmail.com
GATest69,@yopmail.com,GATest69@yopmail.com
GATest70,@yopmail.com,GATest70@yopmail.com
GATest71,@yopmail.com,GATest71@yopmail.com
GATest72,@yopmail.com,GATest72@yopmail.com
GATest73,@yopmail.com,GATest73@yopmail.com
GATest74,@yopmail.com,GATest74@yopmail.com
GATest75,@yopmail.com,GATest75@yopmail.com
GATest76,@yopmail.com,GATest76@yopmail.com
GATest77,@yopmail.com,GATest77@yopmail.com
GATest78,@yopmail.com,GATest78@yopmail.com
GATest79,@yopmail.com,GATest79@yopmail.com
GATest80,@yopmail.com,GATest80@yopmail.com
GATest81,@yopmail.com,GATest81@yopmail.com
GATest82,@yopmail.com,GATest82@yopmail.com
GATest83,@yopmail.com,GATest83@yopmail.com
GATest84,@yopmail.com,GATest84@yopmail.com
GATest85,@yopmail.com,GATest85@yopmail.com
GATest86,@yopmail.com,GATest86@yopmail.com
GATest87,@yopmail.com,GATest87@yopmail.com
GATest88,@yopmail.com,GATest88@yopmail.com
GATest89,@yopmail.com,GATest89@yopmail.com
GATest90,@yopmail.com,GATest90@yopmail.com
GATest91,@yopmail.com,GATest91@yopmail.com
GATest92,@yopmail.com,GATest92@yopmail.com
GATest93,@yopmail.com,GATest93@yopmail.com
GATest94,@yopmail.com,GATest94@yopmail.com
GATest95,@yopmail.com,GATest95@yopmail.com
GATest96,@yopmail.com,GATest96@yopmail.com
GATest97,@yopmail.com,GATest97@yopmail.com
GATest98,@yopmail.com,GATest98@yopmail.com
GATest99,@yopmail.com,GATest99@yopmail.com
GATest100,@yopmail.com,GATest100@yopmail.com
